numero_documento; nome_emissor;identificacao_emissor;valor_documento;conta;data_recebimento
5140265105;Roshni Dixon;60346402026;110;101;15/08/2018
4195660854;Donnell Currie;66484689040;111;101;15/08/2018
3134546731;Roma Nelson;28525592005;112;102;15/08/2018
2530214826;Favour Foster;26518883030;113;102;15/08/2018
1164336844;Vienna Bellamy;29249325053;114;103;15/08/2018
9139163845;Eleni Holman;50212903047;115;103;15/08/2018
8502898352;Phillippa Chandler;40795447078;101;116;15/08/2018
7104447649;Alexandria Willis;56240852066;101;117;15/08/2018
6645409402;Sanna O'Neill;51198407018;118;102;15/08/2018
5452258542;Kourtney Rennie;28657523051;119;102;15/08/2018